value,angle,color,dval
6,1.1087974071493387,#1f77b4,6.0
7,1.2935969750075618,#ff7f0e,6.0
8,1.4783965428657848,#2ca02c,6.0
9,1.663196110724008,#d62728,6.0
10,1.8479956785822316,#9467bd,6.0
11,2.0327952464404544,#8c564b,6.0
