value,angle,color
6,0.7391982714328925,#1f77b4
7,0.8623979833383747,#ff7f0e
8,0.9855976952438567,#2ca02c
9,1.1087974071493387,#d62728
10,1.231997119054821,#9467bd
11,1.355196830960303,#8c564b
